metric,value
mae_rps,5.57510232925415
rmse_rps,7.538505889426755
best_test_loss,0.014419435523450375
samples,46.0
