metric,value
mae_rps,5.3278021812438965
rmse_rps,6.968754926602799
r2,0.7260682582855225
best_val_loss,0.010044322349131107
samples,374.0
