metric,value
mae_rps,6.975651741027832
rmse_rps,8.697539970479351
r2,0.5732978582382202
best_val_loss,0.009055943228304386
samples,374.0
